"V1","V2","V3"
"BKS","2012-11-28","VFD"
"MHP","2012-11-28","DUTY"
"MRF","2012-11-28","VFD"
"SCB","2012-11-28","GTR"
"WAH","2012-11-28","VFD"
"LVL","2012-06-18","GTR"
"SCB","2012-06-18","GTR"
"TCC","2012-06-18","GTR"
"VKC","2012-06-18","VFD"
"MHP","2012-01-17","GTR"
"SCB","2012-12-12","VFD"
"ESH","2013-10-22","VFD"
"ASC","2013-10-24","VFD"
"ESH","2013-10-24","VFD"
"SOS","2013-12-02","GTR"
"WPH","2013-12-02","GTR & VFD"
"BRI","2013-12-04","GTR"
"SCB","2013-12-04","GTR"
"SCX","2013-12-04","GTR"
"SOS","2013-12-04","GTR"
"THH","2013-12-04","VFD"
"WPH","2013-12-04","GTR & VFD"
"SOS","2013-12-06","GTR"
"WPH","2013-12-06","GTR & VFD"
"ALM","2013-03-14","GTR"
"BKS","2013-03-14","VFD"
"EEB","2013-03-14","VFD"
"GFS","2013-03-14","VFD"
"HOH","2013-03-14","VFD"
"HSH","2013-03-14","GTR"
"KAP","2013-03-14","VFD"
"MRF","2013-03-14","VFD"
"SCB","2013-03-14","GTR"
"SCC","2013-03-14","VFD"
"SCE","2013-03-14","VFD"
"SOS","2013-03-14","GTR"
"SWC","2013-03-14","VFD"
"TCC","2013-03-14","GTR"
"VKC","2013-03-14","GTR & VFD"
"WAH","2013-03-14","VFD"
"JHH","2013-03-18","DUTY"
"LRC","2013-03-18","GTR"
"JHH","2013-03-20","DUTY"
"LRC","2013-03-20","GTR"
"JHH","2013-03-22","DUTY"
"LRC","2013-03-22","GTR"
"JHH","2013-03-26","DUTY"
"LRC","2013-03-26","GTR"
"JHH","2013-03-28","DUTY"
"LRC","2013-03-28","GTR"
"LRC","2013-11-11","DUTY"
"LRC","2013-11-15","DUTY"
"SOS","2013-11-15","GTR & VFD"
"WPH","2013-11-15","DUTY"
"LRC","2013-11-19","DUTY"
"SOS","2013-11-19","GTR & VFD"
"WPH","2013-11-19","DUTY"
"LRC","2013-11-21","DUTY"
"SOS","2013-11-21","GTR & VFD"
"WPH","2013-11-21","DUTY"
"LRC","2013-04-01","VFD"
"LRC","2013-04-03","VFD"
"ASC","2013-10-28","VFD"
"ESH","2013-10-28","VFD"
"ALM","2013-10-30","VFD"
"ASC","2013-10-30","VFD"
"BHE","2013-10-30","VFD"
"BKS","2013-10-30","VFD"
"BRI","2013-10-30","DUTY"
"DRB","2013-10-30","VFD"
"EEB","2013-10-30","VFD"
"ESH","2013-10-30","VFD"
"GFS","2013-10-30","VFD"
"HAR","2013-10-30","DUTY"
"HOH","2013-10-30","VFD"
"HSH","2013-10-30","VFD"
"JHH","2013-10-30","DUTY"
"JKP","2013-10-30","VFD"
"KAP","2013-10-30","VFD"
"LAW","2013-10-30","VFD"
"LRC","2013-10-30","VFD"
"LVL","2013-10-30","VFD"
"MHP","2013-10-30","DUTY"
"MRF","2013-10-30","VFD"
"OHE","2013-10-30","VFD"
"RGL","2013-10-30","VFD"
"SAL","2013-10-30","DUTY"
"SCB","2013-10-30","VFD"
"SCC","2013-10-30","VFD"
"SCE","2013-10-30","VFD"
"SCX","2013-10-30","VFD"
"SLH","2013-10-30","DUTY"
"SOS","2013-10-30","VFD"
"STU","2013-10-30","VFD"
"SWC","2013-10-30","VFD"
"TCC","2013-10-30","VFD"
"THH","2013-10-30","DUTY"
"VKC","2013-10-30","VFD"
"WAH","2013-10-30","VFD"
"WPH","2013-10-30","VFD"
"ASC","2013-11-01","VFD"
"ESH","2013-11-01","VFD"
"LRC","2013-11-07","VFD"
"BHE","2014-04-30","VFD"
"ESH","2014-04-30","VFD"
"HSH","2014-04-30","VFD"
"LRC","2014-04-30","VFD & DUTY"
"OHE","2014-04-30","VFD"
"SOS","2014-04-30","VFD"
"VKC","2014-04-30","VFD & DUTY"
"WPH","2014-04-30","VFD & DUTY"
"BHE","2014-05-19","VFD"
"CDF","2014-05-19","VFD"
"HSH","2014-05-19","GTR & VFD"
"VKC","2014-05-19","GTR & VFD & DUTY"
"WPH","2014-05-19","GTR & VFD & DUTY"
"ALM","2014-05-02","VFD"
"ASC","2014-05-02","VFD"
"BHE","2014-05-02","VFD"
"BKS","2014-05-02","VFD"
"BRI","2014-05-02","DUTY"
"DRB","2014-05-02","VFD"
"EEB","2014-05-02","VFD"
"ESH","2014-05-02","VFD"
"GFS","2014-05-02","VFD"
"HOH","2014-05-02","VFD"
"HSH","2014-05-02","VFD"
"JHH","2014-05-02","DUTY"
"JKP","2014-05-02","VFD"
"LAW","2014-05-02","VFD"
"LRC","2014-05-02","VFD & DUTY"
"LVL","2014-05-02","VFD"
"MHP","2014-05-02","DUTY"
"MRF","2014-05-02","VFD"
"OHE","2014-05-02","VFD"
"SAL","2014-05-02","VFD & DUTY"
"SCB","2014-05-02","VFD"
"SCC","2014-05-02","VFD"
"SCE","2014-05-02","VFD"
"SCX","2014-05-02","VFD"
"SLH","2014-05-02","DUTY"
"SOS","2014-05-02","VFD"
"STU","2014-05-02","VFD"
"SWC","2014-05-02","VFD"
"TCC","2014-05-02","GTR & VFD"
"THH","2014-05-02","VFD & DUTY"
"VKC","2014-05-02","VFD & DUTY"
"WAH","2014-05-02","VFD"
"WPH","2014-05-02","VFD & DUTY"
"BHE","2014-05-21","VFD"
"CDF","2014-05-21","VFD"
"HSH","2014-05-21","GTR & VFD"
"VKC","2014-05-21","GTR & VFD & DUTY"
"WPH","2014-05-21","GTR & VFD & DUTY"
"DRB","2014-07-25","GTR"
"KAP","2014-07-25","VFD"
"OHE","2014-07-25","VFD"
"DRB","2014-08-18","VFD"
"OHE","2014-08-18","VFD"
"BHE","2014-09-16","VFD"
"CAL","2014-09-16","VFD"
"CDF","2014-09-16","VFD"
"DRB","2014-09-16","VFD"
"ESH","2014-09-16","VFD"
"GER","2014-09-16","VFD"
"GFS","2014-09-16","VFD"
"JMC","2014-09-16","VFD"
"KAP","2014-09-16","VFD"
"OHE","2014-09-16","VFD"
"SCI","2014-09-16","VFD"
"SOS","2014-09-16","VFD"
"TCC","2014-09-16","VFD"
"BHE","2014-09-17","VFD"
"CAL","2014-09-17","VFD"
"CDF","2014-09-17","VFD"
"DRB","2014-09-17","VFD"
"ESH","2014-09-17","VFD"
"GER","2014-09-17","VFD"
"HSH","2014-09-17","VFD"
"JMC","2014-09-17","VFD"
"OHE","2014-09-17","VFD"
"SCI","2014-09-17","VFD"
"SOS","2014-09-17","VFD"
"BHE","2014-09-23","VFD"
"CAL","2014-09-23","VFD"
"CDF","2014-09-23","VFD"
"DRB","2014-09-23","VFD"
"ESH","2014-09-23","VFD"
"GER","2014-09-23","VFD"
"JMC","2014-09-23","VFD"
"KAP","2014-09-23","VFD"
"OHE","2014-09-23","VFD"
"SCI","2014-09-23","VFD"
"BHE","2014-09-26","VFD"
"CAL","2014-09-26","VFD"
"CDF","2014-09-26","VFD"
"ESH","2014-09-26","VFD"
"GER","2014-09-26","VFD"
"JKP","2014-09-26","VFD"
"JMC","2014-09-26","VFD"
"SCI","2014-09-26","VFD"
"ESH","2014-05-20","VFD"
"LRC","2014-05-20","GTR & VFD & DUTY"
"OHE","2014-05-20","GTR & VFD"
"SOS","2014-05-20","GTR & VFD"
"ESH","2014-05-22","VFD"
"LRC","2014-05-22","GTR & VFD & DUTY"
"OHE","2014-05-22","GTR & VFD"
"SOS","2014-05-22","GTR & VFD"
"CDF","2014-09-10","VFD"
"ESH","2014-09-10","VFD"
"GER","2014-09-10","VFD"
"JMC","2014-09-10","VFD"
"SCI","2014-09-10","VFD"
"CDF","2014-09-12","VFD"
"ESH","2014-09-12","VFD"
"GER","2014-09-12","VFD"
"JMC","2014-09-12","VFD"
"SCI","2014-09-12","VFD"
"CDF","2014-09-08","VFD"
"ESH","2014-09-08","VFD"
"GER","2014-09-08","VFD"
"JMC","2014-09-08","VFD"
"SCI","2014-09-08","VFD"
"LRC","2014-02-10","GTR"
"VKC","2014-02-10","GTR"
"WPH","2014-02-10","GTR"
"LRC","2014-02-12","GTR"
"VKC","2014-02-12","GTR"
"WPH","2014-02-12","GTR"
"LRC","2014-02-14","GTR"
"VKC","2014-02-14","GTR"
"WPH","2014-02-14","GTR"
"LRC","2014-02-18","GTR & VFD"
"VKC","2014-02-18","GTR & VFD"
"WPH","2014-02-18","GTR & VFD"
"LRC","2014-02-20","GTR & VFD"
"VKC","2014-02-20","GTR & VFD"
"WPH","2014-02-20","GTR & VFD"
"VKC","2014-01-07","GTR & DUTY"
"VKC","2014-01-09","GTR & DUTY"
"LRC","2014-02-24","GTR & DUTY"
"VKC","2014-02-24","GTR & DUTY"
"WPH","2014-02-24","GTR & DUTY"
"LRC","2014-02-26","GTR & DUTY"
"VKC","2014-02-26","GTR & DUTY"
"WPH","2014-02-26","GTR & DUTY"
"LRC","2014-02-28","GTR & DUTY"
"VKC","2014-02-28","GTR & DUTY"
"WPH","2014-02-28","GTR & DUTY"
"LRC","2014-01-13","VFD & DUTY"
"VKC","2014-01-13","VFD & DUTY"
"LRC","2014-01-15","VFD & DUTY"
"VKC","2014-01-15","VFD & DUTY"
"LRC","2014-01-17","VFD & DUTY"
"VKC","2014-01-17","VFD & DUTY"
"LRC","2014-01-21","VFD & DUTY"
"VKC","2014-01-21","VFD & DUTY"
"LRC","2014-01-23","VFD & DUTY"
"VKC","2014-01-23","VFD & DUTY"
"LRC","2014-01-27","GTR & VFD & DUTY"
"VKC","2014-01-27","GTR & VFD & DUTY"
"WPH","2014-01-27","GTR & VFD & DUTY"
"LRC","2014-01-29","GTR & VFD & DUTY"
"VKC","2014-01-29","GTR & VFD & DUTY"
"WPH","2014-01-29","GTR & VFD & DUTY"
"LRC","2014-01-31","GTR & VFD & DUTY"
"VKC","2014-01-31","GTR & VFD & DUTY"
"WPH","2014-01-31","GTR & VFD & DUTY"
"LRC","2014-02-04","GTR & VFD & DUTY"
"VKC","2014-02-04","GTR & VFD & DUTY"
"WPH","2014-02-04","GTR & VFD & DUTY"
"LRC","2014-02-06","GTR & VFD & DUTY"
"VKC","2014-02-06","GTR & VFD & DUTY"
"WPH","2014-02-06","GTR & VFD & DUTY"
"VKC","2014-01-11","VFD & DUTY"
"WPH","2014-03-04","GTR & DUTY"
"WPH","2014-03-06","GTR & DUTY"
"WPH","2014-03-10","VFD & DUTY"
"WPH","2014-03-12","VFD & DUTY"
"WPH","2014-03-14","VFD & DUTY"
"WPH","2014-03-18","VFD & DUTY"
"WPH","2014-03-20","VFD & DUTY"
