"","buildings","date","strategy","consumption"
"1","BKS","2012-11-26","VFD",530.86
"2","MHP","2012-11-26","DUTY",105.74
"3","MRF","2012-11-26","VFD",213.06
"4","SCB","2012-11-26","GTR",261
"5","WAH","2012-11-26","VFD",792.75
"6","BKS","2012-11-30","VFD",441.8
"7","MHP","2012-11-30","DUTY",96.53
"8","MRF","2012-11-30","VFD",180.25
"9","SCB","2012-11-30","GTR",272
"10","WAH","2012-11-30","VFD",819.8
"11","BKS","2012-12-04","VFD",520.06
"12","MHP","2012-12-04","DUTY",99.51
"13","MRF","2012-12-04","VFD",263.92
"14","SCB","2012-12-04","GTR",270
"15","WAH","2012-12-04","VFD",798
"16","BKS","2012-12-06","VFD",456.43
"17","MHP","2012-12-06","DUTY",100.58
"18","MRF","2012-12-06","VFD",295.65
"19","SCB","2012-12-06","GTR",279
"20","WAH","2012-12-06","VFD",775.7
"21","LVL","2012-04-13","GTR",1207
"22","LVL","2012-04-17","GTR",2206
"23","LVL","2012-04-19","GTR",1977
"24","LVL","2012-04-09","GTR",1941
"25","LVL","2012-05-16","GTR",1943
"26","LVL","2012-06-20","GTR",1971
"27","SCB","2012-06-20","GTR",183
"28","TCC","2012-06-20","GTR",1730
"29","VKC","2012-06-20","VFD",711.21
"30","LVL","2012-06-22","GTR",2008
"31","SCB","2012-06-22","GTR",172
"32","TCC","2012-06-22","GTR",1790
"33","VKC","2012-06-22","VFD",656.9
"34","LVL","2012-06-11","GTR & VFD",2001
"35","MHP","2012-06-11","GTR & DUTY",58.74
"36","SCB","2012-06-11","GTR & VFD",170
"37","TCC","2012-06-11","GTR & VFD",1724
"38","VKC","2012-06-11","GTR",979.66
"39","LVL","2012-06-13","GTR & VFD",2032
"40","SCB","2012-06-13","GTR & VFD",175
"41","TCC","2012-06-13","GTR & VFD",1735
"42","VKC","2012-06-13","GTR",976.62
"43","LVL","2012-06-15","GTR & VFD",1566
"44","SCB","2012-06-15","GTR & VFD",170
"45","TCC","2012-06-15","GTR & VFD",1738
"46","VKC","2012-06-15","GTR",953.98
"47","LVL","2012-05-14","VFD",1473
"48","LVL","2012-05-18","VFD",1352
"49","LVL","2012-06-25","VFD",1937
"50","SCB","2012-06-25","VFD",154
"51","TCC","2012-06-25","VFD",1767
"52","VKC","2012-06-25","GTR",954.29
"53","LVL","2012-06-27","VFD",1879
"54","SCB","2012-06-27","VFD",170
"55","TCC","2012-06-27","VFD",1687
"56","VKC","2012-06-27","GTR",998.68
"57","LVL","2012-06-29","VFD",1221
"58","SCB","2012-06-29","VFD",155
"59","TCC","2012-06-29","VFD",1700
"60","VKC","2012-06-29","GTR",980.21
"61","LVL","2012-07-23","VFD",2041
"62","MHP","2012-07-23","DUTY",104.61
"63","SCB","2012-07-23","VFD",142
"64","TCC","2012-07-23","VFD",1745
"65","VKC","2012-07-23","VFD",858.84
"66","LVL","2012-07-25","VFD",1947
"67","MHP","2012-07-25","DUTY",104.03
"68","SCB","2012-07-25","VFD",151
"69","TCC","2012-07-25","VFD",1871
"70","VKC","2012-07-25","VFD",688.34
"71","LVL","2012-07-27","VFD",1783
"72","MHP","2012-07-27","DUTY",106.09
"73","SCB","2012-07-27","VFD",159
"74","TCC","2012-07-27","VFD",1757
"75","VKC","2012-07-27","VFD",672.55
"76","LVL","2012-07-31","VFD",1940
"77","MHP","2012-07-31","DUTY",103.18
"78","SCB","2012-07-31","VFD",168
"79","TCC","2012-07-31","VFD",1724
"80","VKC","2012-07-31","VFD",726.91
"81","LVL","2012-08-02","VFD",1961
"82","MHP","2012-08-02","DUTY",107.1
"83","SCB","2012-08-02","VFD",160
"84","TCC","2012-08-02","VFD",1724
"85","VKC","2012-08-02","VFD",1032.29
"86","MHP","2012-01-19","DUTY",109.8
"87","MHP","2012-01-24","DUTY",121.84
"88","MHP","2012-01-26","DUTY",124.56
"89","MHP","2012-06-06","DUTY",72.33
"90","MHP","2012-04-10","GTR",94.56
"91","MHP","2012-04-12","GTR",87.22
"92","MHP","2012-04-18","GTR",98.31
"93","MHP","2012-04-02","GTR",102.21
"94","MHP","2012-04-06","GTR",79.27
"95","SCB","2012-01-23","GTR",244
"96","SCB","2012-01-27","GTR",234
"97","SCB","2012-04-23","GTR",275
"98","SCB","2012-04-25","GTR",253
"99","SCB","2012-04-27","GTR",232
"100","SCB","2012-05-15","GTR",207
"101","SCB","2012-05-17","GTR",195
"102","SCB","2012-01-25","VFD",248
"103","SCB","2012-12-10","VFD",212
"104","SCB","2012-12-14","VFD",222
"105","SCB","2012-05-22","VFD",181
"106","SCB","2012-05-24","VFD",170
"107","SCB","2012-05-30","VFD",177
"108","SCB","2012-06-04","VFD",158
"109","SCB","2012-06-08","VFD",164
"110","TCC","2012-05-21","GTR",1625
"111","TCC","2012-05-23","GTR",1600
"112","TCC","2012-05-25","GTR",1604
"113","TCC","2012-05-29","GTR",1635
"114","TCC","2012-05-31","GTR",1546
"115","TCC","2012-06-05","VFD",1723
"116","TCC","2012-06-07","VFD",1743
"117","ALM","2013-01-23","GTR",58.81
"118","HSH","2013-01-23","GTR",174.44
"119","SCB","2013-01-23","GTR & VFD",228
"120","SCC","2013-01-23","VFD",40
"121","SCE","2013-01-23","VFD",16
"122","SOS","2013-01-23","GTR",359.65
"123","TCC","2013-01-23","GTR",2183
"124","VKC","2013-01-23","GTR",1032.28
"125","ALM","2013-01-25","GTR",58.38
"126","HSH","2013-01-25","GTR",143.35
"127","SCB","2013-01-25","GTR & VFD",196
"128","SCC","2013-01-25","VFD",42
"129","SCE","2013-01-25","VFD",33
"130","SOS","2013-01-25","GTR",309.21
"131","TCC","2013-01-25","GTR",2109
"132","VKC","2013-01-25","GTR",792.4
"133","ALM","2013-01-29","GTR",65.76
"134","HSH","2013-01-29","GTR",132.06
"135","SCB","2013-01-29","GTR & VFD",219
"136","SCC","2013-01-29","VFD",41
"137","SCE","2013-01-29","VFD",30
"138","SOS","2013-01-29","GTR",333.28
"139","TCC","2013-01-29","GTR",2131
"140","VKC","2013-01-29","GTR",738.63
"141","ALM","2013-01-31","GTR",56.18
"142","HSH","2013-01-31","GTR",164.46
"143","SCB","2013-01-31","GTR & VFD",273
"144","SCC","2013-01-31","VFD",51
"145","SCE","2013-01-31","VFD",50
"146","SOS","2013-01-31","GTR",354.4
"147","TCC","2013-01-31","GTR",2109
"148","VKC","2013-01-31","GTR",1002.68
"149","ALM","2013-10-22","GTR",60.11
"150","ASC","2013-10-22","VFD",962.08
"151","BHE","2013-10-22","VFD",357
"152","BKS","2013-10-22","VFD",410
"153","BRI","2013-10-22","GTR",214
"154","DRB","2013-10-22","GTR",958
"155","EEB","2013-10-22","VFD",1060
"156","GFS","2013-10-22","GTR",389
"157","HAR","2013-10-22","VFD",429
"158","HOH","2013-10-22","GTR",810.23
"159","HSH","2013-10-22","GTR",129.08
"160","JHH","2013-10-22","DUTY",389
"161","JKP","2013-10-22","VFD",498.53
"162","KAP","2013-10-22","GTR",945
"163","LAW","2013-10-22","VFD",1259
"164","LRC","2013-10-22","GTR",1010.31
"165","LVL","2013-10-22","GTR",1656
"166","MHP","2013-10-22","DUTY",98.06
"167","MRF","2013-10-22","VFD",284.73
"168","OHE","2013-10-22","GTR",690
"169","RGL","2013-10-22","VFD",238
"170","SAL","2013-10-22","VFD",297.92
"171","SCB","2013-10-22","GTR",214
"172","SCC","2013-10-22","VFD",42
"173","SCE","2013-10-22","VFD",27
"174","SCX","2013-10-22","GTR",66
"175","SLH","2013-10-22","DUTY",64.83
"176","SOS","2013-10-22","GTR",371.27
"177","STU","2013-10-22","VFD",240
"178","SWC","2013-10-22","GTR",87.2
"179","TCC","2013-10-22","GTR",1338.6
"180","THH","2013-10-22","VFD",1060
"181","VKC","2013-10-22","GTR",1073.44
"182","WAH","2013-10-22","VFD",717.05
"183","WPH","2013-10-22","GTR",878.78
"184","ALM","2013-10-24","GTR",63.5
"185","BHE","2013-10-24","VFD",302
"186","BKS","2013-10-24","VFD",402
"187","BRI","2013-10-24","GTR",220
"188","DRB","2013-10-24","GTR",942
"189","EEB","2013-10-24","VFD",1007
"190","GFS","2013-10-24","GTR",380
"191","HAR","2013-10-24","VFD",422
"192","HOH","2013-10-24","GTR",776.53
"193","HSH","2013-10-24","GTR",125.91
"194","JHH","2013-10-24","DUTY",380
"195","JKP","2013-10-24","VFD",493.86
"196","KAP","2013-10-24","GTR",954
"197","LAW","2013-10-24","VFD",1252
"198","LRC","2013-10-24","GTR",1012.49
"199","LVL","2013-10-24","GTR",1527
"200","MHP","2013-10-24","DUTY",92.92
"201","MRF","2013-10-24","VFD",293.18
"202","OHE","2013-10-24","GTR",669
"203","RGL","2013-10-24","VFD",237
"204","SAL","2013-10-24","VFD",287.53
"205","SCB","2013-10-24","GTR",220
"206","SCC","2013-10-24","VFD",124
"207","SCE","2013-10-24","VFD",26
"208","SCX","2013-10-24","GTR",70
"209","SLH","2013-10-24","DUTY",68.85
"210","SOS","2013-10-24","GTR",353.03
"211","STU","2013-10-24","VFD",240
"212","SWC","2013-10-24","GTR",88.48
"213","TCC","2013-10-24","GTR",1380
"214","THH","2013-10-24","VFD",1007
"215","VKC","2013-10-24","GTR",1045.59
"216","WAH","2013-10-24","VFD",740.93
"217","WPH","2013-10-24","GTR",835.67
"218","ALM","2013-12-02","GTR",64.78
"219","BRI","2013-12-02","GTR",244
"220","DRB","2013-12-02","GTR",953
"221","GFS","2013-12-02","GTR",447
"222","HAR","2013-12-02","VFD",429
"223","HOH","2013-12-02","GTR",819.68
"224","HSH","2013-12-02","GTR",167.42
"225","KAP","2013-12-02","GTR",865
"226","LRC","2013-12-02","GTR & VFD",104.57
"227","LVL","2013-12-02","GTR",1731
"228","OHE","2013-12-02","GTR",699
"229","SAL","2013-12-02","VFD",314.26
"230","SCB","2013-12-02","GTR",244
"231","SCX","2013-12-02","GTR",66
"232","SWC","2013-12-02","GTR",72.5
"233","TCC","2013-12-02","GTR",2125
"234","THH","2013-12-02","VFD",939
"235","VKC","2013-12-02","GTR & VFD",598.5
"236","ALM","2013-12-04","GTR",60.57
"237","DRB","2013-12-04","GTR",788
"238","GFS","2013-12-04","GTR",468
"239","HAR","2013-12-04","VFD",427
"240","HOH","2013-12-04","GTR",785.04
"241","HSH","2013-12-04","GTR",140.88
"242","KAP","2013-12-04","GTR",877
"243","LRC","2013-12-04","GTR & VFD",94.51
"244","LVL","2013-12-04","GTR",1389
"245","OHE","2013-12-04","GTR",697
"246","SAL","2013-12-04","VFD",315.16
"247","SWC","2013-12-04","GTR",80.2
"248","TCC","2013-12-04","GTR",2135
"249","VKC","2013-12-04","GTR & VFD",627.54
"250","ALM","2013-12-06","GTR",71.14
"251","BRI","2013-12-06","GTR",226
"252","DRB","2013-12-06","GTR",775
"253","GFS","2013-12-06","GTR",444
"254","HAR","2013-12-06","VFD",408
"255","HOH","2013-12-06","GTR",716.54
"256","HSH","2013-12-06","GTR",139.14
"257","KAP","2013-12-06","GTR",792
"258","LRC","2013-12-06","GTR & VFD",92.08
"259","LVL","2013-12-06","GTR",1297
"260","OHE","2013-12-06","GTR",664
"261","SAL","2013-12-06","VFD",309.42
"262","SCB","2013-12-06","GTR",226
"263","SCX","2013-12-06","GTR",68
"264","SWC","2013-12-06","GTR",79.65
"265","TCC","2013-12-06","GTR",2123
"266","THH","2013-12-06","VFD",833
"267","VKC","2013-12-06","GTR & VFD",571.22
"268","ALM","2013-02-26","GTR & VFD",54.74
"269","HSH","2013-02-26","GTR & VFD",68.11
"270","SOS","2013-02-26","GTR & VFD",330.25
"271","TCC","2013-02-26","GTR & VFD",2134
"272","VKC","2013-02-26","DUTY",859.17
"273","ALM","2013-02-28","GTR & VFD",57.74
"274","HSH","2013-02-28","GTR & VFD",70.4
"275","SOS","2013-02-28","GTR & VFD",343.85
"276","TCC","2013-02-28","GTR & VFD",2216
"277","VKC","2013-02-28","DUTY",1001.54
"278","ALM","2013-03-12","GTR",51.61
"279","BKS","2013-03-12","VFD",428.97
"280","EEB","2013-03-12","VFD",1173.2
"281","GFS","2013-03-12","VFD",351
"282","HOH","2013-03-12","VFD",529.98
"283","HSH","2013-03-12","GTR",174.92
"284","KAP","2013-03-12","VFD",714
"285","MRF","2013-03-12","VFD",209.66
"286","SCB","2013-03-12","GTR",224.6
"287","SCC","2013-03-12","VFD",29.4
"288","SCE","2013-03-12","VFD",30.4
"289","SOS","2013-03-12","GTR",284.74
"290","SWC","2013-03-12","VFD",71.71
"291","TCC","2013-03-12","GTR",2128
"292","VKC","2013-03-12","GTR & VFD",629.33
"293","WAH","2013-03-12","VFD",584.29
"294","ALM","2013-03-04","GTR",59.65
"295","BKS","2013-03-04","VFD",459.91
"296","EEB","2013-03-04","VFD",1155
"297","GFS","2013-03-04","VFD",357
"298","HOH","2013-03-04","VFD",691.02
"299","HSH","2013-03-04","GTR",149.62
"300","KAP","2013-03-04","VFD",694
"301","MRF","2013-03-04","VFD",214.5
"302","SCB","2013-03-04","GTR",249
"303","SCC","2013-03-04","VFD",92
"304","SCE","2013-03-04","VFD",27
"305","SOS","2013-03-04","GTR",348.55
"306","SWC","2013-03-04","VFD",81.26
"307","TCC","2013-03-04","GTR",2105
"308","VKC","2013-03-04","GTR & VFD",762.32
"309","WAH","2013-03-04","VFD",747.73
"310","ALM","2013-03-06","GTR",64.12
"311","BKS","2013-03-06","VFD",431.53
"312","EEB","2013-03-06","VFD",1094
"313","GFS","2013-03-06","VFD",369
"314","HOH","2013-03-06","VFD",649.2
"315","HSH","2013-03-06","GTR",138.45
"316","KAP","2013-03-06","VFD",703
"317","MRF","2013-03-06","VFD",222.38
"318","SCB","2013-03-06","GTR",262
"319","SCC","2013-03-06","VFD",33
"320","SCE","2013-03-06","VFD",17
"321","SOS","2013-03-06","GTR",338.65
"322","SWC","2013-03-06","VFD",81.54
"323","TCC","2013-03-06","GTR",2194
"324","VKC","2013-03-06","GTR & VFD",658.8
"325","WAH","2013-03-06","VFD",783.53
"326","ALM","2013-03-08","GTR",48.13
"327","BKS","2013-03-08","VFD",419.91
"328","EEB","2013-03-08","VFD",936
"329","GFS","2013-03-08","VFD",334
"330","HOH","2013-03-08","VFD",620.12
"331","HSH","2013-03-08","GTR",116.31
"332","KAP","2013-03-08","VFD",669
"333","MRF","2013-03-08","VFD",198.09
"334","SCB","2013-03-08","GTR",224
"335","SCC","2013-03-08","VFD",36
"336","SCE","2013-03-08","VFD",59
"337","SOS","2013-03-08","GTR",313.12
"338","SWC","2013-03-08","VFD",86.96
"339","TCC","2013-03-08","GTR",2116
"340","VKC","2013-03-08","GTR & VFD",548.15
"341","WAH","2013-03-08","VFD",792.74
"342","ALM","2013-03-18","VFD",38.07
"343","ASC","2013-03-18","GTR",934.12
"344","BHE","2013-03-18","VFD",277
"345","BRI","2013-03-18","GTR",183
"346","DRB","2013-03-18","GTR",1100
"347","GFS","2013-03-18","GTR & VFD",444
"348","HAR","2013-03-18","VFD",273
"349","HOH","2013-03-18","GTR & VFD",445.11
"350","HSH","2013-03-18","VFD",115.24
"351","JKP","2013-03-18","VFD",374.49
"352","KAP","2013-03-18","GTR & VFD",855
"353","LAW","2013-03-18","VFD",1206
"354","LVL","2013-03-18","GTR",1348
"355","MHP","2013-03-18","DUTY",100.29
"356","OHE","2013-03-18","GTR",905.76
"357","SAL","2013-03-18","VFD",272.19
"358","SCB","2013-03-18","VFD",183
"359","SCX","2013-03-18","GTR",64
"360","SLH","2013-03-18","DUTY",56.12
"361","SOS","2013-03-18","VFD",276.12
"362","STU","2013-03-18","GTR",535
"363","SWC","2013-03-18","GTR & VFD",65.26
"364","TCC","2013-03-18","VFD",2290
"365","THH","2013-03-18","VFD",770
"366","VKC","2013-03-18","GTR & DUTY",735.2
"367","WPH","2013-03-18","GTR",653.58
"368","ALM","2013-03-20","VFD",41.61
"369","ASC","2013-03-20","GTR",937.14
"370","BHE","2013-03-20","VFD",317
"371","BRI","2013-03-20","GTR",186
"372","DRB","2013-03-20","GTR",790
"373","GFS","2013-03-20","GTR & VFD",288
"374","HAR","2013-03-20","VFD",295
"375","HOH","2013-03-20","GTR & VFD",516.96
"376","HSH","2013-03-20","VFD",76.84
"377","JKP","2013-03-20","VFD",465.73
"378","KAP","2013-03-20","GTR & VFD",600
"379","LAW","2013-03-20","VFD",1058
"380","LVL","2013-03-20","GTR",1461
"381","MHP","2013-03-20","DUTY",86.78
"382","OHE","2013-03-20","GTR",561.83
"383","SAL","2013-03-20","VFD",282.85
"384","SCB","2013-03-20","VFD",186
"385","SCX","2013-03-20","GTR",55
"386","SLH","2013-03-20","DUTY",57.57
"387","SOS","2013-03-20","VFD",284.1
"388","STU","2013-03-20","GTR",336
"389","SWC","2013-03-20","GTR & VFD",77.37
"390","TCC","2013-03-20","VFD",1553
"391","THH","2013-03-20","VFD",808
"392","VKC","2013-03-20","GTR & DUTY",742.53
"393","WPH","2013-03-20","GTR",672.47
"394","ALM","2013-03-22","VFD",41.42
"395","ASC","2013-03-22","GTR",890.54
"396","BHE","2013-03-22","VFD",317
"397","BRI","2013-03-22","GTR",182
"398","DRB","2013-03-22","GTR",758
"399","GFS","2013-03-22","GTR & VFD",267
"400","HAR","2013-03-22","VFD",287
"401","HOH","2013-03-22","GTR & VFD",478.94
"402","HSH","2013-03-22","VFD",73.94
"403","JKP","2013-03-22","VFD",400.22
"404","KAP","2013-03-22","GTR & VFD",610
"405","LAW","2013-03-22","VFD",1047
"406","LVL","2013-03-22","GTR",1462
"407","MHP","2013-03-22","DUTY",69.9
"408","OHE","2013-03-22","GTR",505.83
"409","SAL","2013-03-22","VFD",292.32
"410","SCB","2013-03-22","VFD",182
"411","SCX","2013-03-22","GTR",59
"412","SLH","2013-03-22","DUTY",65.31
"413","SOS","2013-03-22","VFD",282.48
"414","STU","2013-03-22","GTR",335
"415","SWC","2013-03-22","GTR & VFD",65.85
"416","TCC","2013-03-22","VFD",1503
"417","THH","2013-03-22","VFD",813
"418","VKC","2013-03-22","GTR & DUTY",767.86
"419","WPH","2013-03-22","GTR",668.67
"420","ALM","2013-03-26","VFD",40.33
"421","ASC","2013-03-26","GTR",1055.98
"422","BHE","2013-03-26","VFD",353
"423","BRI","2013-03-26","GTR",228
"424","DRB","2013-03-26","GTR",799
"425","GFS","2013-03-26","GTR & VFD",359
"426","HAR","2013-03-26","VFD",413
"427","HOH","2013-03-26","GTR & VFD",672.44
"428","HSH","2013-03-26","VFD",93.23
"429","JKP","2013-03-26","VFD",537.18
"430","KAP","2013-03-26","GTR & VFD",793
"431","LAW","2013-03-26","VFD",1256
"432","LVL","2013-03-26","GTR",1655
"433","MHP","2013-03-26","DUTY",95.08
"434","OHE","2013-03-26","GTR",703.8
"435","SAL","2013-03-26","VFD",321.62
"436","SCB","2013-03-26","VFD",228
"437","SCX","2013-03-26","GTR",60
"438","SLH","2013-03-26","DUTY",65.73
"439","SOS","2013-03-26","VFD",335.87
"440","STU","2013-03-26","GTR",376
"441","SWC","2013-03-26","GTR & VFD",89.88
"442","TCC","2013-03-26","VFD",2075
"443","THH","2013-03-26","VFD",1016
"444","VKC","2013-03-26","GTR & DUTY",955.5
"445","WPH","2013-03-26","GTR",795.02
"446","ALM","2013-03-28","VFD",39.27
"447","ASC","2013-03-28","GTR",1029.54
"448","BHE","2013-03-28","VFD",319
"449","BRI","2013-03-28","GTR",225
"450","DRB","2013-03-28","GTR",794
"451","GFS","2013-03-28","GTR & VFD",350
"452","HAR","2013-03-28","VFD",413
"453","HOH","2013-03-28","GTR & VFD",658.42
"454","HSH","2013-03-28","VFD",85.96
"455","JKP","2013-03-28","VFD",490.63
"456","KAP","2013-03-28","GTR & VFD",769
"457","LAW","2013-03-28","VFD",1227
"458","LVL","2013-03-28","GTR",1661
"459","MHP","2013-03-28","DUTY",97.78
"460","OHE","2013-03-28","GTR",674.82
"461","SAL","2013-03-28","VFD",314.2
"462","SCB","2013-03-28","VFD",225
"463","SCX","2013-03-28","GTR",68
"464","SLH","2013-03-28","DUTY",64.86
"465","SOS","2013-03-28","VFD",331.75
"466","STU","2013-03-28","GTR",369
"467","SWC","2013-03-28","GTR & VFD",92.62
"468","TCC","2013-03-28","VFD",2103
"469","THH","2013-03-28","VFD",998
"470","VKC","2013-03-28","GTR & DUTY",988.41
"471","WPH","2013-03-28","GTR",785.2
"472","ALM","2013-11-11","GTR & VFD",41.54
"473","BRI","2013-11-11","GTR & DUTY",220
"474","DRB","2013-11-11","GTR & VFD",772
"475","GFS","2013-11-11","GTR & VFD",388
"476","HAR","2013-11-11","VFD & DUTY",409
"477","HOH","2013-11-11","GTR & VFD",741.23
"478","HSH","2013-11-11","GTR & VFD",162.54
"479","KAP","2013-11-11","GTR & VFD",787
"480","LVL","2013-11-11","GTR & VFD",1128
"481","OHE","2013-11-11","GTR & VFD",623
"482","SAL","2013-11-11","VFD & DUTY",295.04
"483","SCB","2013-11-11","GTR & VFD",220
"484","SCX","2013-11-11","GTR & VFD",69
"485","SOS","2013-11-11","GTR & VFD",328.4
"486","SWC","2013-11-11","GTR & VFD",66.27
"487","TCC","2013-11-11","GTR & VFD",2081
"488","THH","2013-11-11","VFD & DUTY",935
"489","VKC","2013-11-11","DUTY",1056.33
"490","WPH","2013-11-11","DUTY",777.28
"491","ALM","2013-11-13","GTR & VFD",58.49
"492","BRI","2013-11-13","GTR & DUTY",232
"493","DRB","2013-11-13","GTR & VFD",856
"494","GFS","2013-11-13","GTR & VFD",356
"495","HAR","2013-11-13","VFD & DUTY",442
"496","HOH","2013-11-13","GTR & VFD",710.94
"497","HSH","2013-11-13","GTR & VFD",198.54
"498","KAP","2013-11-13","GTR & VFD",810
"499","LRC","2013-11-13","DUTY",119.21
"500","LVL","2013-11-13","GTR & VFD",1395
"501","OHE","2013-11-13","GTR & VFD",632
"502","SAL","2013-11-13","VFD & DUTY",298.57
"503","SCB","2013-11-13","GTR & VFD",232
"504","SCX","2013-11-13","GTR & VFD",64
"505","SOS","2013-11-13","GTR & VFD",360.9
"506","SWC","2013-11-13","GTR & VFD",75.68
"507","TCC","2013-11-13","GTR & VFD",2225
"508","THH","2013-11-13","VFD & DUTY",986
"509","VKC","2013-11-13","DUTY",1097.82
"510","WPH","2013-11-13","DUTY",854.26
"511","ALM","2013-11-15","GTR & VFD",59.54
"512","BRI","2013-11-15","GTR & DUTY",198
"513","DRB","2013-11-15","GTR & VFD",733
"514","GFS","2013-11-15","GTR & VFD",315
"515","HAR","2013-11-15","VFD & DUTY",405
"516","HOH","2013-11-15","GTR & VFD",726.31
"517","HSH","2013-11-15","GTR & VFD",123.27
"518","KAP","2013-11-15","GTR & VFD",815
"519","LVL","2013-11-15","GTR & VFD",1065
"520","OHE","2013-11-15","GTR & VFD",547
"521","SAL","2013-11-15","VFD & DUTY",299.44
"522","SCB","2013-11-15","GTR & VFD",198
"523","SCX","2013-11-15","GTR & VFD",72
"524","SWC","2013-11-15","GTR & VFD",78.92
"525","TCC","2013-11-15","GTR & VFD",2104
"526","THH","2013-11-15","VFD & DUTY",830
"527","VKC","2013-11-15","DUTY",990.93
"528","ALM","2013-11-19","GTR & VFD",44.98
"529","BRI","2013-11-19","GTR & DUTY",224
"530","DRB","2013-11-19","GTR & VFD",718
"531","GFS","2013-11-19","GTR & VFD",377
"532","HAR","2013-11-19","VFD & DUTY",418
"533","HOH","2013-11-19","GTR & VFD",768.39
"534","HSH","2013-11-19","GTR & VFD",138.42
"535","KAP","2013-11-19","GTR & VFD",863
"536","LVL","2013-11-19","GTR & VFD",1038
"537","OHE","2013-11-19","GTR & VFD",617
"538","SAL","2013-11-19","VFD & DUTY",307.83
"539","SCB","2013-11-19","GTR & VFD",224
"540","SCX","2013-11-19","GTR & VFD",68
"541","SWC","2013-11-19","GTR & VFD",84.07
"542","TCC","2013-11-19","GTR & VFD",2056
"543","THH","2013-11-19","VFD & DUTY",928
"544","VKC","2013-11-19","DUTY",990.53
"545","ALM","2013-11-21","GTR & VFD",43.03
"546","BRI","2013-11-21","GTR & DUTY",218
"547","DRB","2013-11-21","GTR & VFD",697
"548","GFS","2013-11-21","GTR & VFD",391
"549","HAR","2013-11-21","VFD & DUTY",411
"550","HOH","2013-11-21","GTR & VFD",771.27
"551","HSH","2013-11-21","GTR & VFD",129.36
"552","KAP","2013-11-21","GTR & VFD",831
"553","LVL","2013-11-21","GTR & VFD",1199
"554","OHE","2013-11-21","GTR & VFD",595
"555","SAL","2013-11-21","VFD & DUTY",313.36
"556","SCB","2013-11-21","GTR & VFD",218
"557","SCX","2013-11-21","GTR & VFD",71
"558","SWC","2013-11-21","GTR & VFD",90.91
"559","TCC","2013-11-21","GTR & VFD",2107
"560","THH","2013-11-21","VFD & DUTY",918
"561","VKC","2013-11-21","DUTY",943.05
"562","ALM","2013-04-01","GTR & VFD",45.76
"563","ASC","2013-04-01","VFD",922.59
"564","BRI","2013-04-01","DUTY",221
"565","DRB","2013-04-01","VFD",690
"566","GFS","2013-04-01","GTR",375
"567","HAR","2013-04-01","DUTY",403
"568","HOH","2013-04-01","GTR",847.62
"569","HSH","2013-04-01","GTR & VFD",82.3
"570","KAP","2013-04-01","GTR",873
"571","OHE","2013-04-01","VFD",604.8
"572","SAL","2013-04-01","DUTY",412.62
"573","SCB","2013-04-01","GTR & VFD",221
"574","SCX","2013-04-01","VFD",63
"575","SOS","2013-04-01","GTR & VFD",266.6
"576","STU","2013-04-01","VFD",311
"577","SWC","2013-04-01","GTR",85.29
"578","TCC","2013-04-01","GTR & VFD",2045
"579","THH","2013-04-01","DUTY",1092
"580","VKC","2013-04-01","VFD & DUTY",636.33
"581","WPH","2013-04-01","VFD",631.06
"582","ALM","2013-04-11","GTR & VFD",57.79
"583","ASC","2013-04-11","VFD",942.94
"584","BRI","2013-04-11","DUTY",201
"585","DRB","2013-04-11","VFD",731
"586","GFS","2013-04-11","GTR",368
"587","HAR","2013-04-11","DUTY",413
"588","HOH","2013-04-11","GTR",820.47
"589","HSH","2013-04-11","GTR & VFD",85.13
"590","KAP","2013-04-11","GTR",858
"591","LRC","2013-04-11","VFD",613.51
"592","OHE","2013-04-11","VFD",607.84
"593","SAL","2013-04-11","DUTY",390.12
"594","SCB","2013-04-11","GTR & VFD",201
"595","SCX","2013-04-11","VFD",68
"596","SOS","2013-04-11","GTR & VFD",306.13
"597","STU","2013-04-11","VFD",316
"598","TCC","2013-04-11","GTR & VFD",2260
"599","THH","2013-04-11","DUTY",1234
"600","VKC","2013-04-11","VFD & DUTY",812.76
"601","WPH","2013-04-11","VFD",724.62
"602","ALM","2013-04-03","GTR & VFD",46.33
"603","ASC","2013-04-03","VFD",900.82
"604","BRI","2013-04-03","DUTY",220
"605","DRB","2013-04-03","VFD",680
"606","GFS","2013-04-03","GTR",363
"607","HAR","2013-04-03","DUTY",414
"608","HOH","2013-04-03","GTR",838.19
"609","HSH","2013-04-03","GTR & VFD",106.22
"610","KAP","2013-04-03","GTR",873
"611","OHE","2013-04-03","VFD",641.87
"612","SAL","2013-04-03","DUTY",407.16
"613","SCB","2013-04-03","GTR & VFD",220
"614","SCX","2013-04-03","VFD",65
"615","SOS","2013-04-03","GTR & VFD",276.9
"616","STU","2013-04-03","VFD",327
"617","SWC","2013-04-03","GTR",90.05
"618","TCC","2013-04-03","GTR & VFD",2133
"619","THH","2013-04-03","DUTY",1183
"620","VKC","2013-04-03","VFD & DUTY",639.8
"621","WPH","2013-04-03","VFD",655.39
"622","ALM","2013-04-05","GTR & VFD",43.14
"623","ASC","2013-04-05","VFD",705.38
"624","BRI","2013-04-05","DUTY",190
"625","DRB","2013-04-05","VFD",683
"626","GFS","2013-04-05","GTR",307
"627","HAR","2013-04-05","DUTY",382
"628","HOH","2013-04-05","GTR",786.08
"629","HSH","2013-04-05","GTR & VFD",57.26
"630","KAP","2013-04-05","GTR",800
"631","LRC","2013-04-05","VFD",587.91
"632","OHE","2013-04-05","VFD",544.9
"633","SAL","2013-04-05","DUTY",391.75
"634","SCB","2013-04-05","GTR & VFD",190
"635","SCX","2013-04-05","VFD",62
"636","SOS","2013-04-05","GTR & VFD",248.39
"637","STU","2013-04-05","VFD",271
"638","SWC","2013-04-05","GTR",86.55
"639","TCC","2013-04-05","GTR & VFD",2121
"640","THH","2013-04-05","DUTY",1019
"641","VKC","2013-04-05","VFD & DUTY",679.61
"642","WPH","2013-04-05","VFD",588.01
"643","ALM","2013-04-09","GTR & VFD",43.82
"644","ASC","2013-04-09","VFD",946.91
"645","BRI","2013-04-09","DUTY",231
"646","DRB","2013-04-09","VFD",722
"647","GFS","2013-04-09","GTR",388
"648","HAR","2013-04-09","DUTY",389
"649","HOH","2013-04-09","GTR",811.3
"650","HSH","2013-04-09","GTR & VFD",69.37
"651","KAP","2013-04-09","GTR",872
"652","LRC","2013-04-09","VFD",599.36
"653","OHE","2013-04-09","VFD",634.79
"654","SAL","2013-04-09","DUTY",409.05
"655","SCB","2013-04-09","GTR & VFD",231
"656","SCX","2013-04-09","VFD",63
"657","SOS","2013-04-09","GTR & VFD",280.5
"658","STU","2013-04-09","VFD",325
"659","TCC","2013-04-09","GTR & VFD",2227
"660","THH","2013-04-09","DUTY",1135
"661","VKC","2013-04-09","VFD & DUTY",782.67
"662","WPH","2013-04-09","VFD",663.96
"663","ALM","2013-10-28","VFD",39.82
"664","BHE","2013-10-28","VFD",282
"665","BKS","2013-10-28","VFD",467.93
"666","BRI","2013-10-28","DUTY",208
"667","DRB","2013-10-28","VFD",754
"668","EEB","2013-10-28","VFD",1070
"669","GFS","2013-10-28","VFD",388
"670","HAR","2013-10-28","DUTY",427
"671","HOH","2013-10-28","VFD",662.91
"672","HSH","2013-10-28","VFD",91.25
"673","JHH","2013-10-28","DUTY",300
"674","JKP","2013-10-28","VFD",527.79
"675","KAP","2013-10-28","VFD",912
"676","LAW","2013-10-28","VFD",1290
"677","LRC","2013-10-28","VFD",620.37
"678","LVL","2013-10-28","VFD",1131
"679","MHP","2013-10-28","DUTY",93.36
"680","MRF","2013-10-28","VFD",236.67
"681","OHE","2013-10-28","VFD",632
"682","RGL","2013-10-28","VFD",247
"683","SAL","2013-10-28","DUTY",382.88
"684","SCB","2013-10-28","VFD",208
"685","SCC","2013-10-28","VFD",55
"686","SCE","2013-10-28","VFD",22
"687","SCX","2013-10-28","VFD",66
"688","SLH","2013-10-28","DUTY",68.42
"689","SOS","2013-10-28","VFD",272.57
"690","STU","2013-10-28","VFD",326
"691","SWC","2013-10-28","VFD",66.55
"692","TCC","2013-10-28","VFD",2072
"693","THH","2013-10-28","DUTY",1070
"694","VKC","2013-10-28","VFD",925.42
"695","WAH","2013-10-28","VFD",793.84
"696","WPH","2013-10-28","VFD",645.11
"697","ALM","2013-11-01","VFD",42.2
"698","BHE","2013-11-01","VFD",336
"699","BKS","2013-11-01","VFD",449.86
"700","BRI","2013-11-01","DUTY",209
"701","DRB","2013-11-01","VFD",895
"702","EEB","2013-11-01","VFD",1026
"703","GFS","2013-11-01","VFD",311
"704","HAR","2013-11-01","DUTY",419
"705","HOH","2013-11-01","VFD",681.75
"706","HSH","2013-11-01","VFD",145.18
"707","JHH","2013-11-01","DUTY",433
"708","JKP","2013-11-01","VFD",451.03
"709","KAP","2013-11-01","VFD",698
"710","LAW","2013-11-01","VFD",1221
"711","LRC","2013-11-01","VFD",705.33
"712","LVL","2013-11-01","VFD",1373
"713","MHP","2013-11-01","DUTY",86.55
"714","MRF","2013-11-01","VFD",268.22
"715","OHE","2013-11-01","VFD",566
"716","RGL","2013-11-01","VFD",223
"717","SAL","2013-11-01","DUTY",356.2
"718","SCB","2013-11-01","VFD",209
"719","SCC","2013-11-01","VFD",33
"720","SCE","2013-11-01","VFD",21
"721","SCX","2013-11-01","VFD",59
"722","SLH","2013-11-01","DUTY",55.89
"723","SOS","2013-11-01","VFD",301.69
"724","STU","2013-11-01","VFD",318
"725","SWC","2013-11-01","VFD",68.67
"726","TCC","2013-11-01","VFD",2083
"727","THH","2013-11-01","DUTY",1026
"728","VKC","2013-11-01","VFD",944.08
"729","WAH","2013-11-01","VFD",688.37
"730","WPH","2013-11-01","VFD",714.11
"731","ALM","2013-11-05","VFD",45.42
"732","BRI","2013-11-05","DUTY",218
"733","DRB","2013-11-05","VFD",806
"734","GFS","2013-11-05","VFD",404
"735","HAR","2013-11-05","DUTY",429
"736","HOH","2013-11-05","VFD",760.82
"737","HSH","2013-11-05","VFD",111.77
"738","KAP","2013-11-05","VFD",811
"739","LRC","2013-11-05","VFD",596.84
"740","LVL","2013-11-05","VFD",1158
"741","OHE","2013-11-05","VFD",627
"742","SAL","2013-11-05","DUTY",369.31
"743","SCB","2013-11-05","VFD",218
"744","SCX","2013-11-05","VFD",68
"745","SOS","2013-11-05","VFD",279.92
"746","SWC","2013-11-05","VFD",83.17
"747","TCC","2013-11-05","VFD",2197
"748","THH","2013-11-05","DUTY",1144
"749","VKC","2013-11-05","VFD",956.2
"750","WPH","2013-11-05","VFD",662.62
"751","ALM","2013-11-07","VFD",43.17
"752","BRI","2013-11-07","DUTY",218
"753","DRB","2013-11-07","VFD",840
"754","GFS","2013-11-07","VFD",369
"755","HAR","2013-11-07","DUTY",421
"756","HOH","2013-11-07","VFD",750.25
"757","HSH","2013-11-07","VFD",187.14
"758","KAP","2013-11-07","VFD",802
"759","LVL","2013-11-07","VFD",1222
"760","OHE","2013-11-07","VFD",626
"761","SAL","2013-11-07","DUTY",375.16
"762","SCB","2013-11-07","VFD",218
"763","SCX","2013-11-07","VFD",69
"764","SOS","2013-11-07","VFD",336.28
"765","SWC","2013-11-07","VFD",85.26
"766","TCC","2013-11-07","VFD",2254
"767","THH","2013-11-07","DUTY",1170
"768","VKC","2013-11-07","VFD",986.03
"769","WPH","2013-11-07","VFD",795.96
"770","ALM","2013-02-12","VFD",43.42
"771","HSH","2013-02-12","VFD",78.25
"772","SOS","2013-02-12","VFD",329.58
"773","TCC","2013-02-12","VFD",2119
"774","VKC","2013-02-12","VFD",624.95
"775","ALM","2013-02-14","VFD",42.82
"776","HSH","2013-02-14","VFD",72.15
"777","SOS","2013-02-14","VFD",345.96
"778","TCC","2013-02-14","VFD",2125
"779","VKC","2013-02-14","VFD",699.59
"780","ALM","2013-02-04","VFD",50.65
"781","HSH","2013-02-04","VFD",152.8
"782","SCB","2013-02-04","GTR & VFD",266
"783","SCC","2013-02-04","VFD",91
"784","SCE","2013-02-04","VFD",57
"785","SOS","2013-02-04","VFD",348.77
"786","TCC","2013-02-04","VFD",2136
"787","VKC","2013-02-04","VFD",1006.42
"788","ALM","2013-02-06","VFD",45.46
"789","HSH","2013-02-06","VFD",68.29
"790","SOS","2013-02-06","VFD",318.13
"791","TCC","2013-02-06","VFD",2176
"792","VKC","2013-02-06","VFD",697.02
"793","ALM","2013-02-08","VFD",48.45
"794","HSH","2013-02-08","VFD",70.66
"795","SOS","2013-02-08","VFD",289.09
"796","TCC","2013-02-08","VFD",2067
"797","VKC","2013-02-08","VFD",550.1
"798","ASC","2013-04-15","DUTY",1103.87
"799","BRI","2013-04-15","GTR & DUTY",251
"800","DRB","2013-04-15","GTR & VFD",781
"801","HAR","2013-04-15","VFD & DUTY",370
"802","LRC","2013-04-15","DUTY",452.54
"803","OHE","2013-04-15","GTR & VFD",599.87
"804","SAL","2013-04-15","VFD & DUTY",329.88
"805","SCX","2013-04-15","GTR & VFD",65
"806","STU","2013-04-15","GTR & VFD",310
"807","THH","2013-04-15","VFD & DUTY",937
"808","VKC","2013-04-15","GTR & VFD & DUTY",731.71
"809","WPH","2013-04-15","DUTY",803.14
"810","ASC","2013-04-17","DUTY",1120.02
"811","BRI","2013-04-17","GTR & DUTY",258
"812","DRB","2013-04-17","GTR & VFD",650
"813","HAR","2013-04-17","VFD & DUTY",381
"814","LRC","2013-04-17","DUTY",470.17
"815","OHE","2013-04-17","GTR & VFD",584.82
"816","SAL","2013-04-17","VFD & DUTY",325.26
"817","SCX","2013-04-17","GTR & VFD",69
"818","STU","2013-04-17","GTR & VFD",329
"819","THH","2013-04-17","VFD & DUTY",1009
"820","VKC","2013-04-17","GTR & VFD & DUTY",754.98
"821","WPH","2013-04-17","DUTY",832.76
"822","ASC","2013-04-19","DUTY",971.4
"823","BRI","2013-04-19","GTR & DUTY",240
"824","DRB","2013-04-19","GTR & VFD",720
"825","HAR","2013-04-19","VFD & DUTY",372
"826","LRC","2013-04-19","DUTY",538.23
"827","OHE","2013-04-19","GTR & VFD",636.81
"828","SAL","2013-04-19","VFD & DUTY",302.43
"829","SCX","2013-04-19","GTR & VFD",64
"830","STU","2013-04-19","GTR & VFD",312
"831","THH","2013-04-19","VFD & DUTY",953
"832","VKC","2013-04-19","GTR & VFD & DUTY",820.82
"833","WPH","2013-04-19","DUTY",796.44
"834","ASC","2013-04-23","DUTY",1046.93
"835","BRI","2013-04-23","GTR & DUTY",266
"836","DRB","2013-04-23","GTR & VFD",753
"837","HAR","2013-04-23","VFD & DUTY",404
"838","LRC","2013-04-23","DUTY",486.93
"839","OHE","2013-04-23","GTR & VFD",648.88
"840","SAL","2013-04-23","VFD & DUTY",309.6
"841","SCX","2013-04-23","GTR & VFD",73
"842","STU","2013-04-23","GTR & VFD",328
"843","THH","2013-04-23","VFD & DUTY",1091
"844","VKC","2013-04-23","GTR & VFD & DUTY",848.27
"845","WPH","2013-04-23","DUTY",869.8
"846","ASC","2013-04-25","DUTY",945.81
"847","BRI","2013-04-25","GTR & DUTY",259
"848","DRB","2013-04-25","GTR & VFD",735
"849","HAR","2013-04-25","VFD & DUTY",393
"850","LRC","2013-04-25","DUTY",473.05
"851","OHE","2013-04-25","GTR & VFD",648.84
"852","SAL","2013-04-25","VFD & DUTY",317.97
"853","SCX","2013-04-25","GTR & VFD",67
"854","STU","2013-04-25","GTR & VFD",323
"855","THH","2013-04-25","VFD & DUTY",985
"856","VKC","2013-04-25","GTR & VFD & DUTY",773.48
"857","WPH","2013-04-25","DUTY",840.2
"858","ASC","2013-05-20","GTR & VFD",812.79
"859","LRC","2013-05-20","GTR & VFD",680.88
"860","LVL","2013-05-20","VFD",1763
"861","WPH","2013-05-20","GTR & VFD",870.63
"862","ASC","2013-05-22","GTR & VFD",834.44
"863","LRC","2013-05-22","GTR & VFD",652.06
"864","LVL","2013-05-22","VFD",1001
"865","WPH","2013-05-22","GTR & VFD",703.57
"866","ASC","2013-05-24","GTR & VFD",729.6
"867","LRC","2013-05-24","GTR & VFD",627.77
"868","LVL","2013-05-24","VFD",948
"869","WPH","2013-05-24","GTR & VFD",653.68
"870","ASC","2013-05-28","GTR & VFD",909.33
"871","LRC","2013-05-28","GTR & VFD",671.03
"872","LVL","2013-05-28","VFD",1071
"873","WPH","2013-05-28","GTR & VFD",852.82
"874","ASC","2013-05-30","GTR & VFD",870.44
"875","LRC","2013-05-30","GTR & VFD",682.1
"876","LVL","2013-05-30","VFD",1150
"877","WPH","2013-05-30","GTR & VFD",825.88
"878","ASC","2013-06-09","GTR & VFD",574.26
"879","LRC","2013-06-09","GTR & VFD",647.62
"880","WPH","2013-06-09","GTR & VFD",357.79
"881","ASC","2013-06-03","GTR & DUTY",1084.21
"882","LRC","2013-06-03","GTR & DUTY",457.37
"883","LVL","2013-06-03","GTR & VFD",1054
"884","WPH","2013-06-03","GTR & DUTY",856.63
"885","ASC","2013-06-05","GTR & DUTY",1056.84
"886","LRC","2013-06-05","GTR & DUTY",486.53
"887","LVL","2013-06-05","GTR & VFD",967
"888","WPH","2013-06-05","GTR & DUTY",783.57
"889","ASC","2013-06-07","GTR & DUTY",1016.57
"890","LRC","2013-06-07","GTR & DUTY",578.01
"891","LVL","2013-06-07","GTR & VFD",1298
"892","WPH","2013-06-07","GTR & DUTY",765.84
"893","ASC","2013-06-10","VFD & DUTY",1020.3
"894","LRC","2013-06-10","VFD & DUTY",681.26
"895","WPH","2013-06-10","VFD & DUTY",898.61
"896","ASC","2013-06-12","VFD & DUTY",1045.98
"897","LRC","2013-06-12","VFD & DUTY",663.92
"898","WPH","2013-06-12","VFD & DUTY",861.9
"899","ASC","2013-06-14","VFD & DUTY",926.4
"900","LRC","2013-06-14","VFD & DUTY",693.15
"901","WPH","2013-06-14","VFD & DUTY",816.98
"902","ASC","2013-06-18","VFD & DUTY",856.8
"903","LRC","2013-06-18","VFD & DUTY",520.36
"904","WPH","2013-06-18","VFD & DUTY",833.3
"905","ASC","2013-06-20","VFD & DUTY",852.89
"906","LRC","2013-06-20","VFD & DUTY",513.18
"907","WPH","2013-06-20","VFD & DUTY",826.03
"908","ASC","2013-06-24","GTR & VFD & DUTY",833.84
"909","LRC","2013-06-24","GTR & VFD & DUTY",494.37
"910","WPH","2013-06-24","GTR & VFD & DUTY",740.26
"911","ASC","2013-06-26","GTR & VFD & DUTY",879.03
"912","LRC","2013-06-26","GTR & VFD & DUTY",528.97
"913","WPH","2013-06-26","GTR & VFD & DUTY",851.66
"914","ASC","2013-06-28","GTR & VFD & DUTY",851.8
"915","LRC","2013-06-28","GTR & VFD & DUTY",586.73
"916","WPH","2013-06-28","GTR & VFD & DUTY",886.9
"917","ASC","2013-07-11","GTR & VFD & DUTY",829.06
"918","LRC","2013-07-11","GTR & VFD & DUTY",674.04
"919","WPH","2013-07-11","GTR & VFD & DUTY",881.03
"920","ASC","2013-07-09","GTR & VFD & DUTY",892
"921","LRC","2013-07-09","GTR & VFD & DUTY",761.98
"922","WPH","2013-07-09","GTR & VFD & DUTY",1014.07
"923","DRB","2013-09-23","GTR",1110
"924","GFS","2013-09-23","VFD",432
"925","OHE","2013-09-23","GTR",674
"926","EEB","2013-09-24","VFD",1297
"927","HOH","2013-09-24","VFD",654.3
"928","SWC","2013-09-24","GTR",88.28
"929","EEB","2013-09-26","VFD",1227
"930","GFS","2013-09-26","GTR & VFD",450
"931","HOH","2013-09-26","VFD",624.38
"932","KAP","2013-09-26","VFD",954
"933","SWC","2013-09-26","GTR",89.66
"934","GFS","2013-02-25","GTR",394
"935","HOH","2013-02-25","GTR",831.13
"936","KAP","2013-02-25","GTR",917
"937","SWC","2013-02-25","GTR",82.64
"938","GFS","2013-02-27","GTR",402
"939","HOH","2013-02-27","GTR",824.75
"940","KAP","2013-02-27","GTR",874
"941","SWC","2013-02-27","GTR",92.15
"942","GFS","2013-03-01","GTR",348
"943","HOH","2013-03-01","GTR",803.76
"944","KAP","2013-03-01","GTR",833
"945","SWC","2013-03-01","GTR",88.48
"946","LVL","2013-06-11","GTR & VFD",1048
"947","LVL","2013-06-13","GTR & VFD",1040
"948","SCB","2013-01-15","VFD",217
"949","SCB","2013-01-17","VFD",197
"950","ALM","2014-04-30","VFD",46.13
"951","ASC","2014-04-30","VFD",961.81
"952","BKS","2014-04-30","VFD",509.9
"953","BRI","2014-04-30","DUTY",261
"954","DRB","2014-04-30","VFD",910
"955","EEB","2014-04-30","VFD",1097
"956","GFS","2014-04-30","VFD",314
"957","HOH","2014-04-30","VFD",775.22
"958","JHH","2014-04-30","DUTY",420
"959","JKP","2014-04-30","VFD",512.59
"960","LAW","2014-04-30","VFD",1231
"961","LVL","2014-04-30","VFD",1600
"962","MHP","2014-04-30","DUTY",97.59
"963","MRF","2014-04-30","VFD",395.01
"964","SAL","2014-04-30","VFD & DUTY",381.52
"965","SCB","2014-04-30","VFD",261
"966","SCC","2014-04-30","VFD",57
"967","SCE","2014-04-30","VFD",55
"968","SCX","2014-04-30","VFD",71
"969","SLH","2014-04-30","DUTY",82.64
"970","STU","2014-04-30","VFD",380
"971","SWC","2014-04-30","VFD",82.37
"972","TCC","2014-04-30","GTR & VFD",2039
"973","THH","2014-04-30","VFD & DUTY",1097
"974","WAH","2014-04-30","VFD",792.14
"975","ALM","2014-05-19","VFD",39.74
"976","BRI","2014-05-19","GTR & DUTY",173
"977","EEB","2014-05-19","VFD",977
"978","HAR","2014-05-19","VFD & DUTY",359
"979","JKP","2014-05-19","VFD",433.05
"980","LAW","2014-05-19","VFD",1136
"981","LVL","2014-05-19","VFD",1102
"982","MRF","2014-05-19","VFD",376.9
"983","RGL","2014-05-19","VFD",202
"984","SCB","2014-05-19","GTR & VFD",173
"985","SCE","2014-05-19","VFD",24
"986","SLH","2014-05-19","DUTY",54.12
"987","STU","2014-05-19","VFD",329
"988","TCC","2014-05-19","GTR & VFD",1650
"989","ALM","2014-05-21","VFD",47.21
"990","BRI","2014-05-21","GTR & DUTY",128
"991","EEB","2014-05-21","VFD",919
"992","HAR","2014-05-21","VFD & DUTY",298
"993","JKP","2014-05-21","VFD",442.92
"994","LAW","2014-05-21","VFD",1113
"995","LVL","2014-05-21","VFD",1117
"996","MRF","2014-05-21","VFD",353.79
"997","RGL","2014-05-21","VFD",229
"998","SCB","2014-05-21","GTR & VFD",128
"999","SCE","2014-05-21","VFD",16
"1000","SLH","2014-05-21","DUTY",62.11
"1001","STU","2014-05-21","VFD",324
"1002","TCC","2014-05-21","GTR & VFD",1598
"1003","ALM","2014-07-25","VFD",40.44
"1004","ASC","2014-07-25","VFD",754.09
"1005","BKS","2014-07-25","VFD",502.81
"1006","GFS","2014-07-25","GTR",341
"1007","HSH","2014-07-25","VFD",145.89
"1008","SCB","2014-07-25","GTR",183
"1009","STU","2014-07-25","VFD",330
"1010","TCC","2014-07-25","GTR",1818
"1011","ALM","2014-08-11","VFD",43.11
"1012","ASC","2014-08-11","VFD",737.18
"1013","BKS","2014-08-11","VFD",569.63
"1014","STU","2014-08-11","VFD",406
"1015","ALM","2014-08-18","VFD",48.87
"1016","ASC","2014-08-18","VFD",803.34
"1017","BKS","2014-08-18","VFD",505.92
"1018","HSH","2014-08-18","VFD",167.35
"1019","STU","2014-08-18","VFD",345
"1020","ALM","2014-08-20","VFD",54.39
"1021","ASC","2014-08-20","VFD",919.37
"1022","BKS","2014-08-20","VFD",622.79
"1023","SCB","2014-08-20","GTR",184
"1024","STU","2014-08-20","VFD",373
"1025","ALM","2014-09-16","VFD",47.56
"1026","ASC","2014-09-16","VFD",912.35
"1027","BKS","2014-09-16","VFD",457.22
"1028","BRI","2014-09-16","DUTY",210
"1029","DML","2014-09-16","VFD",1956
"1030","EEB","2014-09-16","VFD",1229
"1031","HAR","2014-09-16","VFD",462
"1032","HNB","2014-09-16","VFD",692
"1033","HSH","2014-09-16","VFD",200.64
"1034","JHH","2014-09-16","DUTY",469
"1035","JKP","2014-09-16","VFD",537.47
"1036","KAM","2014-09-16","VFD",1102.87
"1037","LAW","2014-09-16","VFD",1298
"1038","LRC","2014-09-16","VFD",1771
"1039","MHP","2014-09-16","DUTY",115.69
"1040","MRF","2014-09-16","VFD",454.65
"1041","RGL","2014-09-16","VFD",272
"1042","SCB","2014-09-16","VFD",210
"1043","SCE","2014-09-16","VFD",34
"1044","SCX","2014-09-16","VFD",72
"1045","SLH","2014-09-16","DUTY",73.19
"1046","STU","2014-09-16","VFD",361
"1047","SWC","2014-09-16","VFD",101.03
"1048","THH","2014-09-16","VFD",1229
"1049","WAH","2014-09-16","VFD",796.84
"1050","ALM","2014-09-17","VFD",57.09
"1051","ASC","2014-09-17","VFD",872.31
"1052","BKS","2014-09-17","VFD",450.52
"1053","BRI","2014-09-17","DUTY",216
"1054","DML","2014-09-17","VFD",1229
"1055","EEB","2014-09-17","VFD",1413
"1056","GFS","2014-09-17","VFD",384
"1057","HAR","2014-09-17","VFD",410
"1058","HNB","2014-09-17","VFD",683
"1059","JHH","2014-09-17","DUTY",467
"1060","JKP","2014-09-17","VFD",515.54
"1061","KAM","2014-09-17","VFD",1092.9
"1062","LAW","2014-09-17","VFD",1272
"1063","LRC","2014-09-17","VFD",2261
"1064","MHP","2014-09-17","DUTY",119.04
"1065","MRF","2014-09-17","VFD",413.17
"1066","RGL","2014-09-17","VFD",281
"1067","SAL","2014-09-17","VFD",345.91
"1068","SCB","2014-09-17","VFD",216
"1069","SCE","2014-09-17","VFD",52
"1070","SCX","2014-09-17","VFD",74
"1071","SLH","2014-09-17","DUTY",78.71
"1072","STU","2014-09-17","VFD",366
"1073","SWC","2014-09-17","VFD",87.01
"1074","TCC","2014-09-17","VFD",2057
"1075","THH","2014-09-17","VFD",1413
"1076","VKC","2014-09-17","VFD",1143.79
"1077","WAH","2014-09-17","VFD",991.03
"1078","WPH","2014-09-17","VFD",4322.76
"1079","ALM","2014-09-23","VFD",52.8
"1080","ASC","2014-09-23","VFD",846.91
"1081","BKS","2014-09-23","VFD",511.59
"1082","BRI","2014-09-23","DUTY",449
"1083","DML","2014-09-23","VFD",1245
"1084","EEB","2014-09-23","VFD",1177
"1085","GFS","2014-09-23","VFD",418
"1086","HNB","2014-09-23","VFD",681
"1087","HSH","2014-09-23","VFD",80.8
"1088","JKP","2014-09-23","VFD",537.97
"1089","KAM","2014-09-23","VFD",1089.75
"1090","LAW","2014-09-23","VFD",1299
"1091","LRC","2014-09-23","VFD",1986
"1092","MHP","2014-09-23","DUTY",108.86
"1093","MRF","2014-09-23","VFD",404.36
"1094","RGL","2014-09-23","VFD",277
"1095","SAL","2014-09-23","VFD",320.63
"1096","SCB","2014-09-23","VFD",228
"1097","SCE","2014-09-23","VFD",32
"1098","SCX","2014-09-23","VFD",68
"1099","SLH","2014-09-23","DUTY",72.31
"1100","STU","2014-09-23","VFD",379
"1101","SWC","2014-09-23","VFD",104.79
"1102","TCC","2014-09-23","VFD",2078
"1103","THH","2014-09-23","VFD",1177
"1104","WAH","2014-09-23","VFD",875.53
"1105","WPH","2014-09-23","VFD",3962.8
"1106","ALM","2014-09-26","VFD",53.01
"1107","ASC","2014-09-26","VFD",702.7
"1108","BKS","2014-09-26","VFD",480.88
"1109","DML","2014-09-26","VFD",1229
"1110","EEB","2014-09-26","VFD",962
"1111","HNB","2014-09-26","VFD",652
"1112","KAM","2014-09-26","VFD",979.79
"1113","LAW","2014-09-26","VFD",1257
"1114","MHP","2014-09-26","DUTY",104.76
"1115","MRF","2014-09-26","VFD",332.65
"1116","RGL","2014-09-26","VFD",244
"1117","SAL","2014-09-26","VFD",255.48
"1118","SCB","2014-09-26","VFD",212
"1119","SCC","2014-09-26","VFD",34
"1120","SCE","2014-09-26","VFD",13
"1121","SLH","2014-09-26","DUTY",67.5
"1122","STU","2014-09-26","VFD",347
"1123","TCC","2014-09-26","VFD",2164
"1124","WAH","2014-09-26","VFD",734.78
"1125","ASC","2014-05-20","VFD",852.94
"1126","BKS","2014-05-20","VFD",470.74
"1127","DRB","2014-05-20","GTR & VFD",771
"1128","GFS","2014-05-20","GTR & VFD",258
"1129","JHH","2014-05-20","DUTY",434
"1130","KAP","2014-05-20","GTR & VFD",659
"1131","MHP","2014-05-20","DUTY",78.26
"1132","SAL","2014-05-20","VFD",287.57
"1133","SCC","2014-05-20","VFD",36
"1134","SCX","2014-05-20","VFD",60
"1135","SWC","2014-05-20","VFD",88.23
"1136","THH","2014-05-20","VFD & DUTY",872
"1137","WAH","2014-05-20","VFD",413.84
"1138","ASC","2014-05-22","VFD",745.44
"1139","BKS","2014-05-22","VFD",462.86
"1140","DRB","2014-05-22","GTR & VFD",737
"1141","GFS","2014-05-22","GTR & VFD",260
"1142","JHH","2014-05-22","DUTY",493
"1143","KAP","2014-05-22","GTR & VFD",668
"1144","MHP","2014-05-22","DUTY",75.5
"1145","SAL","2014-05-22","VFD",291.4
"1146","SCC","2014-05-22","VFD",33
"1147","SCX","2014-05-22","VFD",60
"1148","SWC","2014-05-22","VFD",81.55
"1149","THH","2014-05-22","VFD & DUTY",907
"1150","WAH","2014-05-22","VFD",454.68
"1151","DML","2014-09-10","VFD",1220
"1152","HNB","2014-09-10","VFD",672
"1153","KAM","2014-09-10","VFD",1013.57
"1154","DML","2014-09-12","VFD",1240
"1155","HNB","2014-09-12","VFD",683
"1156","KAM","2014-09-12","VFD",1196.9
"1157","DML","2014-09-08","VFD",1231
"1158","HNB","2014-09-08","VFD",672
"1159","KAM","2014-09-08","VFD",1000.01
"1160","HAR","2014-04-29","VFD & DUTY",457
"1161","KAP","2014-04-29","GTR & VFD",776
"1162","RGL","2014-04-29","VFD",222
"1163","HAR","2014-05-01","VFD & DUTY",458
"1164","KAP","2014-05-01","GTR & VFD",807
"1165","RGL","2014-05-01","VFD",223
"1166","LRC","2014-01-07","GTR & DUTY",94.21
"1167","LRC","2014-01-09","GTR & DUTY",86.88
